<?xml version="1.0"?>
<?xml-stylesheet type="text/xsl" href="configuration.xsl"?>

<!-- Put site-specific property overrides in this file. -->

<configuration>
<property>
<name>mapreduce.job.jar.unpack.pattern</name>
<value>(?:classes/|lib/|plugins/).*</value>
</property>

<property>
<name>plugin.folders</name>
<value>${java.io.tmpdir}/../job.jar/plugins</value>
</property> 

<property>
<name>mapred.create.symlink</name>
 <value>yes</value>
 <description></description>
</property>

<property>
<name>mapred.child.tmp</name>
<value>./tmp</value>
</property>


</configuration>
