<!--
# Licensed to the Apache Software Foundation (ASF) under one or more
# contributor license agreements.  See the NOTICE file distributed with
# this work for additional information regarding copyright ownership.
# The ASF licenses this file to You under the Apache License, Version 2.0
# (the "License"); you may not use this file except in compliance with
# the License.  You may obtain a copy of the License at
#
#     http://www.apache.org/licenses/LICENSE-2.0
#
# Unless required by applicable law or agreed to in writing, software
# distributed under the License is distributed on an "AS IS" BASIS,
# WITHOUT WARRANTIES OR CONDITIONS OF ANY KIND, either express or implied.
# See the License for the specific language governing permissions and
# limitations under the License.
-->


<configuration>

  <property>
    <name>dfs.replication</name>
    <value>1</value>
  </property>

  <!--
       IMPORTANT
       Set dfs permissions to false
       Enable other users than 'hdfs/hdfs'
       to launch the file system
  -->
  <property>
    <name>dfs.permissions</name>
    <value>false</value>
  </property>

  <!--
       Default hdfs file system path settings
  -->
  <property>
     <name>hadoop.tmp.dir</name>
     <value>/var/lib/hadoop-hdfs</value>
  </property>

  <property>
     <name>dfs.namenode.name.dir</name>
     <value>/var/lib/hadoop-hdfs/name</value>
  </property>

  <property>
     <name>dfs.namenode.checkpoint.dir</name>
     <value>/var/lib/hadoop-hdfs/secondary</value>
  </property>

  <property>
     <name>dfs.datanode.data.dir</name>
     <value>/var/lib/hadoop-hdfs/data</value>
  </property>

</configuration>
